Category,percent_on_special,product_count
Bakery,12.646411796182889,16819
"Dairy, eggs & fridge",21.26946638128275,67745
Drinks,38.57713114375106,64883
Fruit & vegetables,13.815253777255043,22106
Meat & seafood,20.631082818142865,32674
Pantry,27.070492558357035,284413
